-- phpMyAdmin SQL Dump
-- version 5.2.1
-- https://www.phpmyadmin.net/
--
-- Host: 127.0.0.1
-- Waktu pembuatan: 29 Okt 2025 pada 13.21
-- Versi server: 10.4.32-MariaDB
-- Versi PHP: 8.2.12

SET SQL_MODE = "NO_AUTO_VALUE_ON_ZERO";
START TRANSACTION;
SET time_zone = "+00:00";


/*!40101 SET @OLD_CHARACTER_SET_CLIENT=@@CHARACTER_SET_CLIENT */;
/*!40101 SET @OLD_CHARACTER_SET_RESULTS=@@CHARACTER_SET_RESULTS */;
/*!40101 SET @OLD_COLLATION_CONNECTION=@@COLLATION_CONNECTION */;
/*!40101 SET NAMES utf8mb4 */;

--
-- Database: `monitoring-apps`
--

-- --------------------------------------------------------

--
-- Struktur dari tabel `cache`
--

CREATE TABLE `cache` (
  `key` varchar(255) NOT NULL,
  `value` mediumtext NOT NULL,
  `expiration` int(11) NOT NULL
) ENGINE=InnoDB DEFAULT CHARSET=utf8mb4 COLLATE=utf8mb4_unicode_ci;

--
-- Dumping data untuk tabel `cache`
--

INSERT INTO `cache` (`key`, `value`, `expiration`) VALUES
('monitoring_apps_cache_user@gmail.com|127.0.0.1', 'i:1;', 1757858278),
('monitoring_apps_cache_user@gmail.com|127.0.0.1:timer', 'i:1757858278;', 1757858278);

-- --------------------------------------------------------

--
-- Struktur dari tabel `cache_locks`
--

CREATE TABLE `cache_locks` (
  `key` varchar(255) NOT NULL,
  `owner` varchar(255) NOT NULL,
  `expiration` int(11) NOT NULL
) ENGINE=InnoDB DEFAULT CHARSET=utf8mb4 COLLATE=utf8mb4_unicode_ci;

-- --------------------------------------------------------

--
-- Struktur dari tabel `failed_jobs`
--

CREATE TABLE `failed_jobs` (
  `id` bigint(20) UNSIGNED NOT NULL,
  `uuid` varchar(255) NOT NULL,
  `connection` text NOT NULL,
  `queue` text NOT NULL,
  `payload` longtext NOT NULL,
  `exception` longtext NOT NULL,
  `failed_at` timestamp NOT NULL DEFAULT current_timestamp()
) ENGINE=InnoDB DEFAULT CHARSET=utf8mb4 COLLATE=utf8mb4_unicode_ci;

-- --------------------------------------------------------

--
-- Struktur dari tabel `jobs`
--

CREATE TABLE `jobs` (
  `id` bigint(20) UNSIGNED NOT NULL,
  `queue` varchar(255) NOT NULL,
  `payload` longtext NOT NULL,
  `attempts` tinyint(3) UNSIGNED NOT NULL,
  `reserved_at` int(10) UNSIGNED DEFAULT NULL,
  `available_at` int(10) UNSIGNED NOT NULL,
  `created_at` int(10) UNSIGNED NOT NULL
) ENGINE=InnoDB DEFAULT CHARSET=utf8mb4 COLLATE=utf8mb4_unicode_ci;

-- --------------------------------------------------------

--
-- Struktur dari tabel `job_batches`
--

CREATE TABLE `job_batches` (
  `id` varchar(255) NOT NULL,
  `name` varchar(255) NOT NULL,
  `total_jobs` int(11) NOT NULL,
  `pending_jobs` int(11) NOT NULL,
  `failed_jobs` int(11) NOT NULL,
  `failed_job_ids` longtext NOT NULL,
  `options` mediumtext DEFAULT NULL,
  `cancelled_at` int(11) DEFAULT NULL,
  `created_at` int(11) NOT NULL,
  `finished_at` int(11) DEFAULT NULL
) ENGINE=InnoDB DEFAULT CHARSET=utf8mb4 COLLATE=utf8mb4_unicode_ci;

-- --------------------------------------------------------

--
-- Struktur dari tabel `kerusakans`
--

CREATE TABLE `kerusakans` (
  `id` bigint(20) UNSIGNED NOT NULL,
  `mesin_id` bigint(20) UNSIGNED NOT NULL,
  `user_id` bigint(20) UNSIGNED NOT NULL,
  `kode_kerusakan` varchar(255) NOT NULL,
  `deskripsi` varchar(255) NOT NULL,
  `status` enum('Dilaporkan','Dalam Perbaikan','Selesai','Ditolak') NOT NULL DEFAULT 'Dilaporkan',
  `waktu_lapor` date NOT NULL,
  `created_at` timestamp NULL DEFAULT NULL,
  `updated_at` timestamp NULL DEFAULT NULL
) ENGINE=InnoDB DEFAULT CHARSET=utf8mb4 COLLATE=utf8mb4_unicode_ci;

--
-- Dumping data untuk tabel `kerusakans`
--

INSERT INTO `kerusakans` (`id`, `mesin_id`, `user_id`, `kode_kerusakan`, `deskripsi`, `status`, `waktu_lapor`, `created_at`, `updated_at`) VALUES
(1, 2, 3, 'KRS-001', 'mesin tidak berfungsi', 'Selesai', '2025-09-14', '2025-09-14 06:58:24', '2025-09-14 07:01:43'),
(2, 4, 3, 'KRS-002', 'pisau tidak memotong sempurna', 'Selesai', '2025-09-15', '2025-09-14 23:42:37', '2025-09-14 23:46:19'),
(3, 5, 3, 'KRS-003', 'Suhu oven tidak sesuai standar', 'Selesai', '2025-09-20', '2025-09-20 08:28:25', '2025-09-20 08:46:25'),
(4, 3, 3, 'KRS-004', 'Jarum patah', 'Selesai', '2025-09-20', '2025-09-20 08:30:00', '2025-09-20 08:47:58');

-- --------------------------------------------------------

--
-- Struktur dari tabel `mesins`
--

CREATE TABLE `mesins` (
  `id` bigint(20) UNSIGNED NOT NULL,
  `kode_mesin` varchar(255) NOT NULL,
  `nama_mesin` varchar(255) NOT NULL,
  `lokasi` varchar(255) NOT NULL,
  `kategori` varchar(255) NOT NULL,
  `gambar_mesin` varchar(255) DEFAULT NULL,
  `created_at` timestamp NULL DEFAULT NULL,
  `updated_at` timestamp NULL DEFAULT NULL
) ENGINE=InnoDB DEFAULT CHARSET=utf8mb4 COLLATE=utf8mb4_unicode_ci;

--
-- Dumping data untuk tabel `mesins`
--

INSERT INTO `mesins` (`id`, `kode_mesin`, `nama_mesin`, `lokasi`, `kategori`, `gambar_mesin`, `created_at`, `updated_at`) VALUES
(2, 'FDP-001', 'Roll Gulung', 'line1 N1', 'Roll Karpet', 'mesin_images/Z988dpI8Fqwhr41umfOCqFJmwydhWpCC2XIgE6i3.jpg', '2025-09-14 06:54:30', '2025-09-14 06:54:30'),
(3, 'FDP-003', 'Press Jarum', 'Line 1 N1', 'Press Karpet', 'mesin_images/h2ldp7GeXYmklqC6X0BNzqXNuxZpTSoktTk9l6DH.jpg', '2025-09-14 06:56:19', '2025-09-14 06:56:19'),
(4, 'FDP-004', 'Cutting', 'Line 2 N1', 'Mesin potong', 'mesin_images/LsabjOXX5uZL3DVjlFDJzyEeZU1zPSCcIsEL9BGY.jpg', '2025-09-14 23:39:46', '2025-09-14 23:39:46'),
(5, 'FDP-005', 'oven', 'Line 1 N1', 'mesin pemanas', 'mesin_images/wI9BYB14VISaUZ8B86BC398KKse2llw1zPakC7SP.jpg', '2025-09-20 08:11:57', '2025-09-20 08:11:57');

-- --------------------------------------------------------

--
-- Struktur dari tabel `migrations`
--

CREATE TABLE `migrations` (
  `id` int(10) UNSIGNED NOT NULL,
  `migration` varchar(255) NOT NULL,
  `batch` int(11) NOT NULL
) ENGINE=InnoDB DEFAULT CHARSET=utf8mb4 COLLATE=utf8mb4_unicode_ci;

--
-- Dumping data untuk tabel `migrations`
--

INSERT INTO `migrations` (`id`, `migration`, `batch`) VALUES
(1, '0001_01_01_000000_create_users_table', 1),
(2, '0001_01_01_000001_create_cache_table', 1),
(3, '0001_01_01_000002_create_jobs_table', 1),
(4, '2025_08_13_085512_create_mesins_table', 1),
(5, '2025_08_15_094042_create_kerusakans_table', 1),
(6, '2025_08_15_100509_create_perbaikans_table', 1);

-- --------------------------------------------------------

--
-- Struktur dari tabel `password_reset_tokens`
--

CREATE TABLE `password_reset_tokens` (
  `email` varchar(255) NOT NULL,
  `token` varchar(255) NOT NULL,
  `created_at` timestamp NULL DEFAULT NULL
) ENGINE=InnoDB DEFAULT CHARSET=utf8mb4 COLLATE=utf8mb4_unicode_ci;

-- --------------------------------------------------------

--
-- Struktur dari tabel `perbaikans`
--

CREATE TABLE `perbaikans` (
  `id` bigint(20) UNSIGNED NOT NULL,
  `kerusakan_id` bigint(20) UNSIGNED NOT NULL,
  `teknisi_id` bigint(20) UNSIGNED NOT NULL,
  `tindakan` varchar(255) NOT NULL,
  `sparepart` varchar(255) NOT NULL,
  `catatan` text DEFAULT NULL,
  `waktu_mulai` date NOT NULL,
  `waktu_selesai` date DEFAULT NULL,
  `created_at` timestamp NULL DEFAULT NULL,
  `updated_at` timestamp NULL DEFAULT NULL
) ENGINE=InnoDB DEFAULT CHARSET=utf8mb4 COLLATE=utf8mb4_unicode_ci;

--
-- Dumping data untuk tabel `perbaikans`
--

INSERT INTO `perbaikans` (`id`, `kerusakan_id`, `teknisi_id`, `tindakan`, `sparepart`, `catatan`, `waktu_mulai`, `waktu_selesai`, `created_at`, `updated_at`) VALUES
(1, 1, 2, 'Perbaikan Selesai', '-', 'Tidak ada aliran listrik', '2025-09-14', '2025-09-14', '2025-09-14 06:59:13', '2025-09-14 07:01:43'),
(2, 2, 2, 'Perbaikan Selesai', '-', 'Perbaikan pada pisau yang gompal / penyok', '2025-09-15', '2025-09-15', '2025-09-14 23:43:36', '2025-09-14 23:46:19'),
(3, 3, 2, 'Perbaikan Selesai', 'Panel pengatur suhu', 'Mengganti pengatur suhu yang rusak', '2025-09-20', '2025-09-20', '2025-09-20 08:31:05', '2025-09-20 08:46:25'),
(4, 4, 2, 'Perbaikan Selesai', 'Jarum', 'Mengganti jarum yang patah', '2025-09-20', '2025-09-20', '2025-09-20 08:46:50', '2025-09-20 08:47:58');

-- --------------------------------------------------------

--
-- Struktur dari tabel `sessions`
--

CREATE TABLE `sessions` (
  `id` varchar(255) NOT NULL,
  `user_id` bigint(20) UNSIGNED DEFAULT NULL,
  `ip_address` varchar(45) DEFAULT NULL,
  `user_agent` text DEFAULT NULL,
  `payload` longtext NOT NULL,
  `last_activity` int(11) NOT NULL
) ENGINE=InnoDB DEFAULT CHARSET=utf8mb4 COLLATE=utf8mb4_unicode_ci;

--
-- Dumping data untuk tabel `sessions`
--

INSERT INTO `sessions` (`id`, `user_id`, `ip_address`, `user_agent`, `payload`, `last_activity`) VALUES
('9i3uS2TsGwifm0Tl7hGYaTn54dC6rwobVlWZ5mw4', 1, '127.0.0.1', 'Mozilla/5.0 (Windows NT 10.0; Win64; x64) AppleWebKit/537.36 (KHTML, like Gecko) Chrome/138.0.0.0 Safari/537.36', 'YTo1OntzOjY6Il90b2tlbiI7czo0MDoiMHVQTWxBOXM5ZkZ5cHV1S0dWS201djBYdnd1SThBRXpCbEVsb2gzRCI7czozOiJ1cmwiO2E6MDp7fXM6OToiX3ByZXZpb3VzIjthOjE6e3M6MzoidXJsIjtzOjI3OiJodHRwOi8vbG9jYWxob3N0OjgwMDAvbG9naW4iO31zOjY6Il9mbGFzaCI7YToyOntzOjM6Im9sZCI7YTowOnt9czozOiJuZXciO2E6MDp7fX1zOjUwOiJsb2dpbl93ZWJfNTliYTM2YWRkYzJiMmY5NDAxNTgwZjAxNGM3ZjU4ZWE0ZTMwOTg5ZCI7aToxO30=', 1758383287),
('D7xUimfvTBzDUKj6spyvldl2QX87f1rUFPhrpsu6', 2, '127.0.0.1', 'Mozilla/5.0 (Windows NT 10.0; Win64; x64) AppleWebKit/537.36 (KHTML, like Gecko) Chrome/138.0.0.0 Safari/537.36', 'YTo0OntzOjY6Il90b2tlbiI7czo0MDoid3ZEMmdJYWhRRlNEWTExWGtWV3g0aFhxQXN3cHlhQUhvVk9LT3BPSCI7czo2OiJfZmxhc2giO2E6Mjp7czozOiJvbGQiO2E6MDp7fXM6MzoibmV3IjthOjA6e319czo1MDoibG9naW5fd2ViXzU5YmEzNmFkZGMyYjJmOTQwMTU4MGYwMTRjN2Y1OGVhNGUzMDk4OWQiO2k6MjtzOjk6Il9wcmV2aW91cyI7YToxOntzOjM6InVybCI7czozMToiaHR0cDovL2xvY2FsaG9zdDo4MDAwL3BlcmJhaWthbiI7fX0=', 1758383279),
('QvRoD6rJ8wrPgtfMtRCasWGCmvBMFhIrvXELKRfI', 3, '127.0.0.1', 'Mozilla/5.0 (Windows NT 10.0; Win64; x64) AppleWebKit/537.36 (KHTML, like Gecko) Chrome/138.0.0.0 Safari/537.36', 'YTo0OntzOjY6Il90b2tlbiI7czo0MDoiWFFTaEhDMnFrTGtxb0FFTk80cEdRZEZUaWF1UTZNNnlpekVCMkJndyI7czo5OiJfcHJldmlvdXMiO2E6MTp7czozOiJ1cmwiO3M6MjE6Imh0dHA6Ly9sb2NhbGhvc3Q6ODAwMCI7fXM6NjoiX2ZsYXNoIjthOjI6e3M6Mzoib2xkIjthOjA6e31zOjM6Im5ldyI7YTowOnt9fXM6NTA6ImxvZ2luX3dlYl81OWJhMzZhZGRjMmIyZjk0MDE1ODBmMDE0YzdmNThlYTRlMzA5ODlkIjtpOjM7fQ==', 1758927156),
('thk9h7w0A7Y8Buz7mMtmUDLmCNwJVRzmoitD5chv', NULL, '127.0.0.1', 'Mozilla/5.0 (Windows NT 10.0; Win64; x64) AppleWebKit/537.36 (KHTML, like Gecko) Chrome/138.0.0.0 Safari/537.36', 'YTo0OntzOjY6Il90b2tlbiI7czo0MDoiWTZmdzRUcmI4OHZLZ01pZldqVzAyM0hyUUlIcVFRVmsxQzlaMTMxSyI7czozOiJ1cmwiO2E6MTp7czo4OiJpbnRlbmRlZCI7czoyODoiaHR0cDovL2xvY2FsaG9zdDo4MDAwL3JlcG9ydCI7fXM6OToiX3ByZXZpb3VzIjthOjE6e3M6MzoidXJsIjtzOjI3OiJodHRwOi8vbG9jYWxob3N0OjgwMDAvbG9naW4iO31zOjY6Il9mbGFzaCI7YToyOntzOjM6Im9sZCI7YTowOnt9czozOiJuZXciO2E6MDp7fX19', 1758927103);

-- --------------------------------------------------------

--
-- Struktur dari tabel `users`
--

CREATE TABLE `users` (
  `id` bigint(20) UNSIGNED NOT NULL,
  `name` varchar(255) NOT NULL,
  `email` varchar(255) NOT NULL,
  `role` enum('admin','teknisi','operator') NOT NULL DEFAULT 'operator',
  `email_verified_at` timestamp NULL DEFAULT NULL,
  `password` varchar(255) NOT NULL,
  `remember_token` varchar(100) DEFAULT NULL,
  `created_at` timestamp NULL DEFAULT NULL,
  `updated_at` timestamp NULL DEFAULT NULL
) ENGINE=InnoDB DEFAULT CHARSET=utf8mb4 COLLATE=utf8mb4_unicode_ci;

--
-- Dumping data untuk tabel `users`
--

INSERT INTO `users` (`id`, `name`, `email`, `role`, `email_verified_at`, `password`, `remember_token`, `created_at`, `updated_at`) VALUES
(1, 'Admin', 'admin@gmail.com', 'admin', NULL, '$2y$12$QRWYKYLWxOddcdVLpfugT.ii/hizeBF0CwhIxlzkw73pyr8uOpl9.', NULL, NULL, NULL),
(2, 'Teknisi', 'teknisi@gmail.com', 'teknisi', NULL, '$2y$12$W0DR8hKrRYv0CfUuduRoIOyn4oyo5cPTj52fSH7Qhi0PYT1dpi3bO', NULL, NULL, NULL),
(3, 'Operator', 'operator@gmail.com', 'operator', NULL, '$2y$12$wGAv3ksarHIVF9Kh6bCnc.j8sXk8JGKyGSuvGlmHVwup6D4S2HEma', NULL, NULL, NULL);

--
-- Indexes for dumped tables
--

--
-- Indeks untuk tabel `cache`
--
ALTER TABLE `cache`
  ADD PRIMARY KEY (`key`);

--
-- Indeks untuk tabel `cache_locks`
--
ALTER TABLE `cache_locks`
  ADD PRIMARY KEY (`key`);

--
-- Indeks untuk tabel `failed_jobs`
--
ALTER TABLE `failed_jobs`
  ADD PRIMARY KEY (`id`),
  ADD UNIQUE KEY `failed_jobs_uuid_unique` (`uuid`);

--
-- Indeks untuk tabel `jobs`
--
ALTER TABLE `jobs`
  ADD PRIMARY KEY (`id`),
  ADD KEY `jobs_queue_index` (`queue`);

--
-- Indeks untuk tabel `job_batches`
--
ALTER TABLE `job_batches`
  ADD PRIMARY KEY (`id`);

--
-- Indeks untuk tabel `kerusakans`
--
ALTER TABLE `kerusakans`
  ADD PRIMARY KEY (`id`),
  ADD KEY `kerusakans_mesin_id_foreign` (`mesin_id`),
  ADD KEY `kerusakans_user_id_foreign` (`user_id`);

--
-- Indeks untuk tabel `mesins`
--
ALTER TABLE `mesins`
  ADD PRIMARY KEY (`id`);

--
-- Indeks untuk tabel `migrations`
--
ALTER TABLE `migrations`
  ADD PRIMARY KEY (`id`);

--
-- Indeks untuk tabel `password_reset_tokens`
--
ALTER TABLE `password_reset_tokens`
  ADD PRIMARY KEY (`email`);

--
-- Indeks untuk tabel `perbaikans`
--
ALTER TABLE `perbaikans`
  ADD PRIMARY KEY (`id`),
  ADD KEY `perbaikans_kerusakan_id_foreign` (`kerusakan_id`),
  ADD KEY `perbaikans_teknisi_id_foreign` (`teknisi_id`);

--
-- Indeks untuk tabel `sessions`
--
ALTER TABLE `sessions`
  ADD PRIMARY KEY (`id`),
  ADD KEY `sessions_user_id_index` (`user_id`),
  ADD KEY `sessions_last_activity_index` (`last_activity`);

--
-- Indeks untuk tabel `users`
--
ALTER TABLE `users`
  ADD PRIMARY KEY (`id`),
  ADD UNIQUE KEY `users_email_unique` (`email`);

--
-- AUTO_INCREMENT untuk tabel yang dibuang
--

--
-- AUTO_INCREMENT untuk tabel `failed_jobs`
--
ALTER TABLE `failed_jobs`
  MODIFY `id` bigint(20) UNSIGNED NOT NULL AUTO_INCREMENT;

--
-- AUTO_INCREMENT untuk tabel `jobs`
--
ALTER TABLE `jobs`
  MODIFY `id` bigint(20) UNSIGNED NOT NULL AUTO_INCREMENT;

--
-- AUTO_INCREMENT untuk tabel `kerusakans`
--
ALTER TABLE `kerusakans`
  MODIFY `id` bigint(20) UNSIGNED NOT NULL AUTO_INCREMENT, AUTO_INCREMENT=5;

--
-- AUTO_INCREMENT untuk tabel `mesins`
--
ALTER TABLE `mesins`
  MODIFY `id` bigint(20) UNSIGNED NOT NULL AUTO_INCREMENT, AUTO_INCREMENT=6;

--
-- AUTO_INCREMENT untuk tabel `migrations`
--
ALTER TABLE `migrations`
  MODIFY `id` int(10) UNSIGNED NOT NULL AUTO_INCREMENT, AUTO_INCREMENT=7;

--
-- AUTO_INCREMENT untuk tabel `perbaikans`
--
ALTER TABLE `perbaikans`
  MODIFY `id` bigint(20) UNSIGNED NOT NULL AUTO_INCREMENT, AUTO_INCREMENT=5;

--
-- AUTO_INCREMENT untuk tabel `users`
--
ALTER TABLE `users`
  MODIFY `id` bigint(20) UNSIGNED NOT NULL AUTO_INCREMENT, AUTO_INCREMENT=4;

--
-- Ketidakleluasaan untuk tabel pelimpahan (Dumped Tables)
--

--
-- Ketidakleluasaan untuk tabel `kerusakans`
--
ALTER TABLE `kerusakans`
  ADD CONSTRAINT `kerusakans_mesin_id_foreign` FOREIGN KEY (`mesin_id`) REFERENCES `mesins` (`id`),
  ADD CONSTRAINT `kerusakans_user_id_foreign` FOREIGN KEY (`user_id`) REFERENCES `users` (`id`) ON DELETE CASCADE;

--
-- Ketidakleluasaan untuk tabel `perbaikans`
--
ALTER TABLE `perbaikans`
  ADD CONSTRAINT `perbaikans_kerusakan_id_foreign` FOREIGN KEY (`kerusakan_id`) REFERENCES `kerusakans` (`id`),
  ADD CONSTRAINT `perbaikans_teknisi_id_foreign` FOREIGN KEY (`teknisi_id`) REFERENCES `users` (`id`);
COMMIT;

/*!40101 SET CHARACTER_SET_CLIENT=@OLD_CHARACTER_SET_CLIENT */;
/*!40101 SET CHARACTER_SET_RESULTS=@OLD_CHARACTER_SET_RESULTS */;
/*!40101 SET COLLATION_CONNECTION=@OLD_COLLATION_CONNECTION */;
